{
  "teacher_parameters": 109484547,
  "student_parameters": 14351187,
  "teacher_latency_ms": 49.30537759937579,
  "student_latency_ms": 5.485821100592148,
  "parameter_ratio": 7.628954106723019,
  "speedup": 8.987784452915115
}
